url_path,views_total,views_unique
/forkymcforkface/xpad-noone,69,41
/forkymcforkface/xpad-noone/blob/master/Makefile,2,2
/forkymcforkface/xpad-noone/blob/master/README.md,2,2
/forkymcforkface/xpad-noone/commits/master,2,2
/forkymcforkface/xpad-noone/blob/master/xpad.c,1,1
/forkymcforkface/xpad-noone/commit/7b5361475c719b03b9e0152e44cf7fca0b85af60,1,1
/forkymcforkface/xpad-noone/commit/8e903676dd9514c07ce5e06e43c5f7d8cc51cb7d,1,1
/forkymcforkface/xpad-noone/commit/9caad15ba366c26337bfbcf3ee1144a6cc07d9ca,1,1
/forkymcforkface/xpad-noone/commit/a52e32cf182435d608e66bef9a6c89ebac891999,1,1
/forkymcforkface/xpad-noone/tree/master,1,1
